6617,MONTANA
37063,IDAHO
10B6800,IDAHO
10B8502,IDAHO
169ZG0,WASHINGTON
1AJP622,IDAHO
1ASJ946,IDAHO
1BK1098,IDAHO
1BL4931,IDAHO
1J43903,IDAHO
1J45361,IDAHO
1J52463,IDAHO
1J53228,IDAHO
1J55383,IDAHO
1J58637,IDAHO
1J59696,IDAHO
1J59825,IDAHO
1J60386,IDAHO
1J61234,IDAHO
1J62505,IDAHO
1J898,IDAHO
1M1033,IDAHO
1M1201,IDAHO
1M1418,IDAHO
1M1641,IDAHO
1M27140,IDAHO
1M2887T,IDAHO
1M33885,IDAHO
1M36691,IDAHO
1M3993,IDAHO
1M40080,IDAHO
1M43748,IDAHO
1M46,IDAHO
1M46321,IDAHO
1M46549,IDAHO
1M47T,IDAHO
1M48893,IDAHO
1M49039,IDAHO
1M49168,IDAHO
1M50200,IDAHO
1M50518,IDAHO
1M50786,IDAHO
1M52010,IDAHO
1M52016,IDAHO
1M52409,IDAHO
1M53267,IDAHO
1M53970,IDAHO
1M53979,IDAHO
1M54211,IDAHO
1M54803,IDAHO
1M54959,IDAHO
1M55023,IDAHO
1M55055,IDAHO
1M55068,IDAHO
1M55103,IDAHO
1M56709,IDAHO
1M57484,IDAHO
1M57812,IDAHO
1M58440,IDAHO
1M59262,IDAHO
1M59414,IDAHO
1M59603,IDAHO
1M60938,IDAHO
1M61800,IDAHO
1M62202,IDAHO
1M6242,IDAHO
1M62575,IDAHO
1M63468,IDAHO
1M64848,IDAHO
1M655,IDAHO
1M65658,IDAHO
1M65768,IDAHO
1M6676,IDAHO
1M67700,IDAHO
1M68086,IDAHO
1M68922,IDAHO
1M69218,IDAHO
1M70201,IDAHO
1M70584,IDAHO
1M70943,IDAHO
1M70989,IDAHO
1M71037,IDAHO
1M71042,IDAHO
1M71131,IDAHO
1M71150,IDAHO
1M71401,IDAHO
1M71511,IDAHO
1M71538,IDAHO
1M71753,IDAHO
1M71931,IDAHO
1M72214,IDAHO
1M72913,IDAHO
1M73007,IDAHO
1M73910,IDAHO
1M73950,IDAHO
1M74132,IDAHO
1M74347,IDAHO
1M74761,IDAHO
1M75124,IDAHO
1M754,IDAHO
1M75470,IDAHO
1M76142,IDAHO
1M76294,IDAHO
1M76605,IDAHO
1M77191,IDAHO
1M77225,IDAHO
1M77766,IDAHO
1M77988,IDAHO
1M78020,IDAHO
1M78077,IDAHO
1M78152,IDAHO
1M78285,IDAHO
1M78550,IDAHO
1M78564,IDAHO
1M78593,IDAHO
1M78947,IDAHO
1M79368,IDAHO
1M79422,IDAHO
1M79533,IDAHO
1M79709,IDAHO
1M79773,IDAHO
1M79828,IDAHO
1M79856,IDAHO
1M79962,IDAHO
1M79999,IDAHO
1M80032,IDAHO
1M80230,IDAHO
1M80626,IDAHO
1M80885,IDAHO
1M80891,IDAHO
1M81120,IDAHO
1M81122,IDAHO
1M81557,IDAHO
1M81780,IDAHO
1M82002,IDAHO
1M82216,IDAHO
1M82372,IDAHO
1M82628,IDAHO
1M83153,IDAHO
1M83644,IDAHO
1M83831,IDAHO
1M83907,IDAHO
1M84140,IDAHO
1M84194,IDAHO
1M84236,IDAHO
1M84245,IDAHO
1M84426,IDAHO
1M84508,IDAHO
1M84647,IDAHO
1M84694,IDAHO
1M84863,IDAHO
1M84954,IDAHO
1M85377,IDAHO
1M85432,IDAHO
1M85451,IDAHO
1M8564,IDAHO
1M88662,IDAHO
1O15518,IDAHO
1P63947,IDAHO
1T26066,IDAHO
202PIO,COLORADO
238EMP,OREGON
258WPP,WASHINGTON
2618CY,VIRGINIA
2F18670,IDAHO
2F23618,IDAHO
2F24744,IDAHO
2F32208,IDAHO
2F33290,IDAHO
2F4159,IDAHO
2J39343,IDAHO
2P105,IDAHO
2TS6554,IDAHO
3KDE120,CALIFORNIA
3MVY130,CALIFORNIA
444BE,IDAHO
4BC3349,IDAHO
4BE3481,IDAHO
4BE5776,IDAHO
4BE6477,IDAHO
4BF2763,IDAHO
4BG0067,IDAHO
4C77818,IDAHO
4CKU194,CALIFORNIA
4SEM694,CALIFORNIA
503DFH,OREGON
5239B,IDAHO
556PHX,COLORADO
570WHJ,TENNESSEE
594LYZ,UTAH
5EGG864,CALIFORNIA
5RUA707,CALIFORNIA
5X65283,CALIFORNIA
5ZUX434,CALIFORNIA
749EZF,UTAH
893XHY,COLORADO
8BAE464,IDAHO
8BAF394,IDAHO
8BAS391,IDAHO
8BAX742,IDAHO
8BAY348,IDAHO
8BAY969,IDAHO
8BBH981,IDAHO
8BCF116,IDAHO
8BCJ668,IDAHO
8BCN008,IDAHO
8BG0409,IDAHO
8BN8542,IDAHO
8BONES,IDAHO
8BP8833,IDAHO
8BS0904,IDAHO
8BT9516,IDAHO
8BU5549,IDAHO
8BW2180,IDAHO
8BX7490,IDAHO
8BY7096,IDAHO
8BY7150,IDAHO
8BY9678,IDAHO
8BZ2603,IDAHO
8BZ7051,IDAHO
8C1279,MONTANA
955CWN,WASHINGTON
A522VG,UTAH
AEH2091,IDAHO
AFC4144,IDAHO
ANY4185,COLORADO
B525KP,UTAH
B639FJ,UTAH
B641VV,UTAH
B757NJ,UTAH
G0BIG1,IDAHO
K399387,IDAHO
K7RXF,IDAHO
KBK629,UTAH
KEN4624,VIRGINIA
KENTD,IDAHO
SUBVT,IDAHO
WA2D48,OREGON
WBL4088,MEXICO
Z049WA,UTAH
Z346TR,UTAH
Z703KD,UTAH
